﻿star_rating,city_review,city,country
5,"I have visited this place dozens of times and always go back for more-history, coffee, beaches and relaxation.Just about everything you want to see in Split is within the walls of Roman emperor Diocletian's Palace, completed in 305 AD. It's a compact area and you'll easily find your way around the narrow alleys. Make sure you visit St. Domnius Cathedral, over 1,000 years old. You could climb to the top of the bell tower there for a view of the city, the coast and it’s islands and the nearby hill of Marjan. Next, swap hights for lows and climb down into ancient Roman imperial cellars...eiry and full of surprises. Finish the day at one of the city’s many free markets and,of course, with a cup of coffee at a local cafe. 5 star city with excellent local guides, lovely food and drinks and beautiful sunsets. Lovely all year round and almost all locals speak fluent English so you will feel at home!",Split,Croatia
4,"I went to Istanbul last February for a few days and whilst the weather is not guaranteed to be great that time of year, even if I was lucky and had some lovely sunshine, the biggest plus is the lack of tourists. Hence visiting the many beautiful sights like the Blue Mosque was so much more pleasurable. The people are very friendly and helpful. Food is okay especially if you like meat and sweets, there are good fish restaurants though. The Grand Bazar is great if you like to buy cheap 'knock offs'. There are many stray dogs and cats but they look well fed and seem to be looked after by the locals. I would want to visit Istanbul again sometime maybe late spring or early autumn when the weather is a bit warmer.",Istanbul,Turkey
1,I travelled here with my father and had just about the worst time imaginable as someone who doesn't like fish it seemed as though that was all there was to eat. We spent the entire time walking and not really achieving much in terms of activities so was definately not child friendly.,Palermo,Italy
5,This holiday was unforgettable we had some amazing food and the waters were nice and warm plus we were able to go scuba diving together as a family with my favorite part being when the dive instructor showed us an octopus that inked on us.,Corfu,Greece
3,Not very interesting city. Beach is okay but very crowded. We stayed in an apartement near the harbour with aircon and went to the beach every day. There are nice beach restaurants serving cocktails and food. They are a bit expensive though. Nightlife is exactly what you would expect - lots of noisy young people. Not very memorable...,Alicante,Spain
5,"Paris is the best place to be when you are in love or want to be in love.  The beauty of the city and the incredible food and wine heighten your senses.  Whether it's cold or warm, day or night, rainy or sunny, Paris is incredibly romantic and should be shared with someone special.",Paris,France
4,"There are museums to roam, cafes to discover and so many sights to see. But the best thing to do in Paris is walk. Covering the city on foot means discovering hidden gardens, eclectic neighborhoods, centuries of history and new perspectives.",Paris,France
2,"To the first-time visitor, Palermo is a city of ever-changing character. An abundance of dusty museums, Arabian domes and flourishes of baroque splendor jostle with boisterous markets, chaotic traffic and oppressive summer heat. The Sicilian hotspot is a noisy, polluted, often dangerous, but always fascinating city. Don't miss marvels of Arab-Norman architecture, such as 12th-century Palazzo dei Normanni or San Giovanni degli Eremiti. Ask your hotel to arrange cabs and negotiate fares before setting off.",Palermo,Italy
4,"Rome, with much trial and error, has become one of our favorite cities. Be sure to walk around at least once at sunrise, and every night after dinner, to get a much better feel for the city. It's an amazing place when there aren't thousands of day-trippers around!",Rome,Italy
3,"Let's get one thing straight; Venice is touristy. Yes, Venice is also beautiful, decadent, fantastically gastronomic and all sorts of romantic, but it's not the place for a city breakers looking for that undiscovered neighbourhood full of fancy coffee shops. That said, Venice is touristy for a reason. It's a city built on canals for goodness sake. So, if you haven't been yet, it's time to rectify that. Because once you get past the selfie sticks and groups of school children, it's a fascinating city that has as much culture as water. Oh and the food offerings and Aperol spritzes? Yeah, you're going to want to get on them too.",Venice,Italy
5,"Ten million people call vibrant, passionate, sprawling Bogota home. The energy of this metropolitan heart of Colombia is in part fueled by its hundreds of eclectic and authentic dining hot spots, fantastic wines, and frequent foodie festivals. Ask the locals where they like to eat, then walk off your empanadas and aji with a stroll through the historic district of La Candelaria or during an indulgent shopping adventure on the North Side.",Bogota,Colombia
5,"Brazil's most famous city has wild nightlife, iconic landmarks, gorgeous beaches, and more. Here's what every first-time visitor to Rio de Janeiro should experience!",Rio de Janeiro,Brazil
4,"Toronto is a foodie's paradise. Between sightseeing, enjoy Asian treats, Haitian tapas, and more!",Onterio,Canada
4,A beautiful small town with an interesting history and stunning buildings. The public transport is not great but regarding the size of the city is understandable. Beautiful views and great prices. I recommend.,Sighisoara,Romania
3,Everyone is overestimating this capital. Is a beautiful city but not worth the prices. There are regions in Italy that are way cheaper and worth going.  Rome is very busy and please be careful of the pick pockets as it happened to my family right in front of the Colosseum. Otherwise the views are great and its enough to see in a day.,Rome,Italy
4,Me and my family stopped here during our trip to Europe to recharge a little bit. We didn't expect the city to turn out so great but actually it was amazing.  The Castle is worth visiting and even if it was closed by the time we went there it was still spectacular. During December the lights are beautiful and I've never seen something so extravagant in terms of Christmas lights. Great city!,Ljubljana ,Slovenia
3,For a city that never sleeps it certainly provides plenty of options to wind way down. From the serene to the sublime these spots let you sneak some mellow in between the madness.,New York,USA
4,"Amsterdam is truly a biker’s city, although pedaling along the labyrinthine streets can get a little chaotic. Stick to walking and you won’t be disappointed. The gentle canals make a perfect backdrop for exploring the Jordaan and Rembrandtplein square. Pop into the Red Light District if you must—if only so you can say you’ve been there. The Anne Frank House is one of the most moving experiences a traveller can have, and the Van Gogh Museum boasts a sensational collection of works.",Amsterdam,Netherlands
5,"Johannesburg is the place to go to mix big-city culture, shopping, dining and nightlife with outdoor adventures, up-close wildlife encounters and visits to historical sites. Explore caves and nature reserves, or visit a traditional village by day, then enjoy dinner at a hip cafe or five-star restaurant. And if you're a shopper, bring an extra, empty suitcase. With malls, open-air markets and places that blend the two, you'll find plenty of unique souvenirs.",Johannesburg,South Africa
5,"Warsaw is extreamly underrated as Poland’s capital it has all the food, art, culture and nightlife you crave — just without the throngs of tourists and exorbitant prices.  ",Warsaw,Poland
4,"A powerful force since medieval times, the thriving Swiss capital is an appealing city of museums and collections. Bernmobil is the capital's transport system; a BernCard is valid on its trams and buses. A free bike service is also an option for getting around. The Historical Museum and the Collection of the Bern Museum of Fine Arts house the art and architecture of millennia. The Einstein House and the Paul Klee Centre showcase the work of two of Bern's famous former inhabitants.",Berne,Switzerland
3,"Second only to Berlin in size and population, the city of Hamburg is home to one of the biggest harbours in Europe. A stroll along its many waterways and canals illustrates why it has been called the ""Venice of the North."" Don't miss a trip to the local fish market (Fischmarkt), the Merchants District (marked by its imposing red-brick architecture), a fine dining experience along the river or a night out in the university quarter. And did we mention the Reeperbahn (red light district)? It's quite famous for its… red lights.",Hamburg,Germany
4,"Mexico City is a fascinating metropolis, packed with museums, historical sites, restaurants, bars and every kind of entertainment you can imagine.",Mexico City,Mexico
5,"Shanghai is the cool, confident face of modern China, and its energy is infectious. Go to the Bund to watch ships on the river and marvel at the huge variety of architectural styles on display, or watch the crowds go by in People’s Square. Shoppers should make a beeline for the Fabric Market, where you can have a suit or dress tailor-made for you at bargain prices. At night, explore all manner of fashionable restaurants, bars and nightclubs or just stroll through the city enjoying the spectacular neon lights.",Shanghai,China
5,"Seoul, South Korea offers something for everyone where sights and attractions are concerned. Easy to get around thanks to an efficient public transit system and also pleasantly walkable depending on where you are, Seoul is a city made for laid-back exploring. Even travelers on a tight schedule or budget should find it easy to pack in a decent amount of sightseeing without having to worry about feeling too rushed. So where should you focus your attention when it comes to making the most of a trip to the South Korean capital? Whether you’re into history and culture, shopping, exploring the great outdoors, or stuffing you face with delicious street food, you won’t be disappointed with what’s on offer. If you’re headed to Seoul, here are some of the best things to see and do while you’re there.",Seoul,South Korea
1,There are lots of scammers and they have their illegal taxis parked right outside the terminal - looks like a regular cab. But their prices are 10X and their strategy is to intimidate once a person is inside the cab. They all wear these laminated cards on a lanyard around their neck trying to give themselves an official look.,Moskow,Russia
5,"The city was full of life, animated by the friendly people, amazing buildings (old and new), monuments and parks.",Frankfurt,Germany
4,"While it’s India’s most polarizing city, Mumbai is also its most vibrant. For locals, an affinity for either Mumbai — colloquially referred to as Bombay — or Delhi draws a clear distinction of love and loyalty. For travelers, the abrupt nature of this boisterous city makes it a difficult place to appreciate without first having time to assimilate. But, as with any city, Mumbai is best experienced with a bit of advance insight.",Mumbai,India
5,"City slickers, culture vultures and beach bums alike fall in love with Sydney. Hang ten at famed Bondi Beach or stroll the calmer sands of Coogee.  Cash burning a hole in your pocket? You’ll find great shopping in the Rocks district and along George and Pitt Streets. Climb to the top of the Harbour Bridge or take a skywalk on Sydney Tower for a 360-degree view of the city. But whatever you do, don’t leave town without cuddling the koalas in the Taronga Park Zoo—they’re ridiculously adorable.",Sydney,Australia
4,"Lovers of architecture will find themselves at home in Athens, where the rich array of ancient and modern design is unique to the city. Whether you’re interested in experiencing the best historical monuments or engaging with contemporary Athens, Culture Trip’s architecture guide to the Greek capital will ensure you see the best.",Athens,Greece
4,"I was very nice, I recommend the city for people who like to see lots of attractions. It has great churches, lovely architecture. It combines a lot of different styles from Europe and brings them together like Gothic, Cubist etc. The Atonomium and the Mini Europe were my favourite. Quite a large city, their Grand Place is a nice place to shop and enjoy a meal with a view. Great Links withing the city: busses/underground/uber and tram. But also lots of links with the rest of Europe. Just 3 hours away from Germany/ The Netherlands/ France/ UK.",Brussels,Belgium
5,"stanbul. Where the east meets the west, on the edge of Europe, you will fall in love with the big city. Centuries of history and culture, give the metropolis a very special air. The architecture, the people, the gardens of Istanbul are like part of a story. Istanbul is about colors, about the specific cuisine, about hospitable people and traditions preserved from generation to generation. The big city is close because it never sleeps. The bridges over the Bosphorus are very spectacular at night, and the lights of the mosques have become the imprint of the city. A beautiful place, to which I would always return.",Istanbul,Turkey
5,"IT îs a miracole City. IT îs a Saint City. Every rock of the straight streets has a full and profund historical load. IT îs a City for everybody, faiths, agnostics, reach or poor People. The pressure of past centuries feels everywhere. Try a beautiful sunrise over The Olives Mount or a nostalgic sunteți over David 's Citadel. Try the oriental food, Try to walk between different old quarters and buy anything from little turistic stres on the streets. It is wonderful. Visit The Holy Sepulchure Church, The West walk and The Dome of the Rock trying to understand The meaning of life, or primordial step of religios. A lot of people from different cultures live, eat and love it togheter united de spirit of the city.",Jerusalem,Israel
5,"With its futuristic skyscrapers, unrivaled food scene, and wild nightlife, Tokyo is a rush of pure adrenaline. This vast and multifaceted city is famously cutting edge, yet its ancient Buddhist temples, vintage teahouses, and peaceful gardens offer a serene escape — and a poignant reminder of the city’s long history. And for those who know where to look, Tokyo’s smaller pleasures (secret ramen spots, shopping alleys, chill record bars) are often hiding in plain sight.",Tokyo,Japan
4,This tiny island city-state is a study of fusions and contrasts bursting with wonders waiting to be explored. Tranquil parks abut futuristic skyscrapers and luxe shopping malls. A thriving street food scene and world-class restaurants offer countless ways to taste and sip your way through Singapore’s culinary melting pot. Your first trip to Singapore will prove that sometimes the best things come in small packages.,Singapore,Singapore
3,"Barcelona is a very family-friendly city, and great for kids of all ages. Almost any restaurant will be set-up to accommodate children, and have plenty of options to chose from.  Cerveceria Catalana is a tapas place great for families, with tons of options for even picky eaters. There are tons of parks and green spaces in Barcelona, that offer space to run around and some culture for the adults. Park Guell, built by Gaudi, has interesting architectural elements and lots of different scenery but can get crowded. Parque del Laberint is typically much less crowded, and has a fun maze-like set-up to run around or play hide & seek, but at the same time plenty of nice spots for relaxing.  For a true kid-first outing, the theme park at Tibidabo is a great spot.",Barcelona,Spain
4,"In another couple of years, this is a spot that all the beach lovers in your life will be talking about — a stunning stretch of white sand coastline and vast olive groves, located just across the Ionian Sea from Greece’s famed island of Corfu.",Saranda,Albania
4,"Often called ""Paris of the Middle East"", Beirut is a thriving hotspot for shopping, socializing and sightseeing, despite many wars and unrest. The city has been rebuilt several times, with modern architecture sharing space with Ottoman and colonial French buildings. Bustling streets such as Hamra and Ashrafieh provide hopping nightlife while the National Museum and the Gibran Museum give visitors a taste of the city's history. The Corniche is the place for activities like jogging and biking.",Beirut,Lebanon
3,"Cairo’s an ancient city that also happens to be a modern metropolis—it’s one of the biggest cities in the Middle East and has the traffic and noise issues to prove it. But as long as you’re not looking for solitude, Cairo—the City of the Thousand Minarets—is a splendid place to explore Egyptian history and culture. (Editor's note: Our list was compiled before political unrest prompted many countries to issue travel warnings for Egypt.",Cairo,Egypt
2,"The town that gave the country (and port wine) its very name, Porto is Portugal’s second-largest metropolis after Lisbon. Sometimes called Oporto, it's an age-old city that has one foot firmly in the industrial present. The old town, centered at Ribeira, was built on the hills overlooking the Douro River, and today is a UNESCO World Heritage Site. The 14th-century São Francisco church is a main attraction, as are the local port wine cellars, mostly located across the river at Vila Nova de Gaia.",Porto,Portugal
5,This place connects a lot of civilizations and welcomes every stranger with wonderful sights and delicious food. Heartwarming people and wonderful services.,Istanbul,Turkey
4,"You know Budapest for its historic landmarks and thermal baths, but this European city has so much more to offer! Here are the best things to see, eat, and drink in Budapest!",Budapest,Hungary
5,"A new cultural experience, coming from a western country there was a small culture shock. People on the streets are not afraid to come up to you to try and sell all sorts of wares (including a 18 foot carpet).",Istanbul,Turkey
4,"Leicester at first seems like the kind of city that one might only drive through in order to get somewhere better, however, once you have spent some time, you begin to uncover the wealth of culture, history and interesting places to visit. The city can proudly boast about it's very extensive history, as it was established as a Roman town, meaning that taking a walk around Leicester, one can see a range of history, from over 1000 years ago to the present, including the final resting place of Richard the third. As a small city that hosts 2 major universities, there is a lot of nightlife and culture, with clubs, bars, pubs, venues, galleries, theatres, ect, to suit anyone's fancy. Leicester is an excellent city that is fairly inexpensive, and also has some of the best curry about.",Leicester,UK
5,"I love this city because there is something there for everyone. The city is so full of life and there are unlimited numbers of activities that you can do. London is a fantastic city for a foodie, you can try cuisines from all over the world and get a truly authentic experience.",London,UK
4,"Beautiful architecture, friendly people, interesting history and lots of places to visit.",Ghent,Belgium
5,"It is the best city in the world, it is nice and cold, has amazing places to go for traditional local food",Reykjavik,Iceland
4,"I'm always happy to visit London but there are certainly good and bad things about the city. I like the shops, because there are so many small and unique ones. Generally you have so many options and you can find pretty much anything here. If you like museums this is also a place for you, even special interest ones exist. The downsides are definetly the weather and the masses of people. Also you're going to spend a lot of time traveling from A to B as the city is very huge.",London,UK
2,it was ugly cold and i felt like living in a concentration camp,Brno,Czech Republic
1,"Well, I visited Romania for 18 years and it was the worst experience of my life. I don't know how to describe it but from public  transport to people's attitudes this country is the worst, Bucharest to be more precise.",Bucharest,Romania
1,The reason of rating this City with one star is because I was expecting more from it. People are rude and they are just  extremely unprofessional. I don’t recommend this to anyone. I’ve seen some beautiful places though unfortunately not enough to balance the attitude I received as a tourist.,Brussels,Belgium
5,"City centre is small, accessable and friendly.  Very beautiful and romantic.  Recomended both in summer and winter. Navives welcomming, pleanty of cafe´s, galleries and something to see and do.",Vienna,Austria
5,Great people friendly enough good outside smoking areas,Berlin,Germany
4,Good clean city with lots to do and lovely restaurants and bars. Open space a close drive from the city but not many in city centre. Bus and tram links are very efficient.,Nottingham,UK
5,"It's a lovely town to visit, lots of interesting places and unusual shops to see",Canterbury,UK
4,"amanzing city but it is a problem with car parking,it is too expensiv and unfriendly with visitators",Brighton,UK
5,"Great general atmosphere, no crime, lots of things to do and lots of bars.",Split,Croatia
3,Overall this is a nice city but is undeveloped in terms of tourism and sometimes I just wasn't able to relax properly. I prefer the coast cities and i recommend just stopping through Sophia on your way there.,Sophia,Bulgaria
5,"It had a beautiful cathedral, the people were friendly and helpful",Christchurch,New Zealand
3,"Too many People per m. Sq, a lot of trash ADN poor public transport but very nice, old and autentic library, beauteful sea view.",Alexandria,Egypt
2,"Overrated and boring. It gets an extra star because its cheap, otherwise it would be 1. would not recommend",Warsaw,Poland
3,"great city,  went there with my parents and hard a great time",Luxemburg City,Luxemburg
3,"Edinburgh is Scotland’s capital city, renowned for its heritage, culture and festivals. Take a long walk around the centre to explore the World Heritage Sites of the Old Town and New Town, as well as all the area’s museums and galleries. Then stop for a delicious meal made from fresh Scottish produce before heading out to take in one of Edinburgh’s many events — including the famous summer festivals of culture, or the Winter Festivals of music, light and ceilidhs.",Edinburgh,UK
2,Berlin is a city I've lived in for 4 years (and counting!). Theres a lot to do in this city it just isnt my style and so is not a city for me,Berlin,Germany
5,"Ireland's capital city perfectly blends the old and new together. From historic sites to hip rooftop bars, there's something for everyone in Dublin.",Dublin,Ireland
4,"The 1000-year-old Norwegian capital sits at the head of Oslo Fjord. This stunning setting gives hints of the wild wonders that lie just beyond the city. From taking in visual delights at Vigeland Sculpture Park, the Viking Ship Museum, the Munch Museum and Holmenkollen, to the challenging content within the new Nobel Peace Centre and the Holocaust Centre, Oslo offers plenty of food for thought. The Oslo Pass allows free travel on public transport, free parking and many museum and sight admissions.",Oslo,Norway
5,"The capital city of Sweden combines modern attractions with historic charm. Kick off your stay with visits to Stockholm’s two UNESCO World Heritage Sites: the Royal Palace Drottningholm (the residence of the royal family) and the magical Skogskyrkogården, or Woodland Cemetery. Stroll the cobblestone streets of Old Town and over the picturesque bridges that span the city’s canals. The 19th-century Skansen was the world’s first open-air museum and is still a premier place to learn about Swedish history.",Stockholm,Sweeden
3,"Christchurch abounds with arts, adventure, and optimism. It's the gateway to the beautiful Canterbury region, featuring dramatic vistas and adventure sports set against a backdrop of lofty peaks. In the central city, more and more attractions and businesses reopen to the public each day.",Christchurch,New Zealand
5,"The Principality of Monaco, a small city-state overlooking the pristine blue waters of the Mediterranean, is a place famed for its glamour and wealth. The Palais Princier, former home of Princess Grace and current home of her son, Prince Albert II, is at the top of the cliff-bound medieval Monaco-Ville. More well known is Monte Carlo, a neighborhood soaked in sun, money, and expensive champagne, and home to the Formula One Monaco Grand Prix, the European Poker Tour, and the Monte Carlo Rally.",Monoco,Monoco
4,"Yeah was alright I guess. Bit windy and lots of homeless people everywhere. Lots of hills repeatedly caused the clutch in my car to suffer especially with the constant 20 mph zones. The pier is great with some great views of the seafront and fun rides, additionally, there are some great walks with the south downs being just outside the city. Good place for a pub crawl some of the barmaids are averagely attractive.",Brighton,UK
5,I LOVE NY!!! Best city in the world for shopping and coffee shops. I am a super Friends fan so obviously visited the set. How great was that! Honestly everyone needs to go at least once in their lifetime,New York,USA
5,Amazing destination for families! A variety of hotels you can choose from regarding children care (playgrounds etc) along with water parks. Very good in summer or spring if you dont like crowded places. Decent public transport and if you have a car no worries they are great in terms if parking slots. I recommend this with my whole heart!,Saloniki,Greece
1,Most boring city in the world. Yes one can do a bit of sight seeing and buy some nice chocolate but there is really nothing else on offer. We went there with our two children and we couldn't wait for the mini break to be over. The Belgians were very rude and impatient ,Brussels,Belgium
3,"Budapest is like a little Vienna. Lovely coffe houses and decent restaurants but the best thing is the spa! Ideal place to go with your girlfriends and spend a long weekend being pampered. Beautiful archtecture, interesting history. I would recommend",Budapest,Hungary
5,"It is not cheap but well worth the money. Lovely city, brilliant restaurants, bars and coffee houses. So after spending the day sightseeing, shopping, visiting galleries or museums you can relax in one of the many trendy bars or restaurants. It's perfect for a young couple or a group of young adults who like a lively nightlife. We had a whale of a time",Prague,Czech Republic
3,"The most interesting building is former Palais of Causcescu, biggest than the Pentagon. Considering the condition of growth, you will be still wondering how sick the person really was. There is also a big problem of getting the tickets for public transport so I recommend finding the places of purchase.The rest of the centre is mostly concerete only, sad and grey. The advantage of romanians is they are very willing and they are trying to talk english (comparing with other post communistic countries.)Very favourite place and very nice are the parks in north direction. Especially the Harestrau park is very nice and you can find here a shadow in hot summer days.",Bucharest,Romania
1,Very disappointed in this city. I was expecting so much more from it but unfortunately I left unhappy with a bitter taste.Not only that the locals are not speaking English but they are also very rude if you're asking for directions which I found it very odd. The city is extremely crowded (august) and the weather is very hot. We couldn't find any slushie or iced beverage on a 2km range as everything was closed at 4PM. The touristic attractions are expensive and they told us to let the buggie of our child at the entrance as we are not allowed with it in the visiting area and when we finished visiting Acropole our buggie disappeared.  Disappointed.,Athens,Greece
